{
  "name": "pouchdb",
  "version": "5.4.0",
  "description": "PouchDB is a pocket-sized database.",
  "repo": "daleharvey/pouchdb",
  "keywords": [
    "db",
    "couchdb",
    "pouchdb"
  ],
  "dependencies": {},
  "development": {},
  "license": "Apache",
  "main": "dist/pouchdb.js",
  "scripts": [
    "dist/pouchdb.js",
    "dist/pouchdb.min.js"
  ],
  "ignore": [
    "**/.*",
    "node_modules",
    "bower_components",
    "tests",
    "vendor",
    "npm-debug.log",
    "phantomjsdriver.log"
  ],
  "homepage": "https://github.com/pouchdb/pouchdb",
  "_release": "5.4.0",
  "_resolution": {
    "type": "version",
    "tag": "5.4.0",
    "commit": "c4264ba8a6de4a4c16607e14d7b60e77c8b6f311"
  },
  "_source": "https://github.com/pouchdb/pouchdb.git",
  "_target": "5.4.0",
  "_originalSource": "pouchdb"
}